MBTI Type,Topic Diversity
infp,2.688881652888342
infj,2.6671707444157184
istp,2.6605636106358554
isfj,2.654572634768801
enfp,2.6499052689063567
enfj,2.6457255872616607
intp,2.64160045794409
esfj,2.627855115609663
isfp,2.6268393514230706
esfp,2.6143924436930437
intj,2.6129932747088658
estj,2.59011353400336
entp,2.57511222028187
estp,2.565029979103962
entj,2.560051591075436
istj,2.255086759282306
