MBTI Type,Topic Diversity
isfj,2.8480759172089503
infp,2.845074402339411
enfp,2.8371834349307323
enfj,2.8241211046990884
esfj,2.821628057081358
infj,2.81898101678858
intp,2.79851590947735
estj,2.7835271032678097
isfp,2.7826865746141602
istp,2.7769739837630523
esfp,2.7461157138945658
intj,2.7396084133612284
estp,2.733685132083737
entp,2.703997822606889
entj,2.6634102500774546
istj,2.3439063523279047
