MBTI Type,Topic Diversity
enfj,2.635217858325243
istj,2.6345768667248786
infj,2.6272427473039297
esfj,2.6220190221711963
isfj,2.61963972305376
esfp,2.6125409039508574
infp,2.608912592461417
enfp,2.602630477450173
estj,2.598007001994839
isfp,2.584034675129052
istp,2.574506876812573
intp,2.556515821097869
estp,2.5351864895753966
intj,2.5314013522399628
entp,2.51789427935891
entj,2.4873904891442726
